<?xml version="1.0" encoding="utf-8"?>
<resources>
    <string name="SIGN_IN">SIGN IN</string>
    <string name="REGISTER">REGISTER</string>
    <string name="LOGIN">LOGIN</string>
    <string name="Error">Error</string>
    <string name="ok">ok</string>
    <string name="EMAIL">EMAIL</string>
    <string name="PASSWORD">PASSWORD</string>
    <string name="User_agreement_and_Terms_of_services">User agreement and Terms of services</string>
    <string name="Password_Mismatch">Password Mismatch</string>
    <string name="Name_is_mandatory">Name is mandatory.</string>
    <string name="Country_Code_is_mandatory">Country Code is mandatory.</string>
    <string name="Please_Enter_you_password">Please Enter your password</string>
    <string name="Reenter_you_password">Re-enter your password</string>
    <string name="By_Continuing_I_agree">By Continuing, I agree to</string>
    <string name="NAME">NAME</string>
    <string name="MOBILE_NUMBER">MOBILE NUMBER</string>
    <string name="CONFIRM_PASSWORD_Large">CONFIRM PASSWORD</string>
    <string name="REFERRALCODE">REFERRAL CODE</string>
    <string name="CREATE_ACCOUNT">CREATE ACCOUNT</string>
    <string name="Book_a_Ride">Book a Ride</string>
    <string name="My_Rides">My Rides</string>
    <string name="Rate_Card">Rate Card</string>
    <string name="invite_and_earn">Invite &amp; Earn</string>
    <string name="Report_issues">Report Issues</string>
    <string name="About_us">About us</string>
    <string name="Profile">Profile</string>
    <string name="save">Save</string>
    <string name="SIGN_IN_DETAILS">SIGN IN DETAILS</string>
    <string name="MY_DETAILS">MY DETAILS</string>
    <string name="email_small">Email</string>
    <string name="change_Password">Change Password</string>
    <string name="name">Name</string>
    <string name="mobile_number">Mobile number</string>
    <string name="success">Success</string>
    <string name="Kindly_Enter_UserName">Kindly Enter UserName</string>
    <string name="Kindly_Enter_Mobile_Number">Kindly Enter Mobile Number</string>
    <string name="logout">Logout</string>
    <string name="change_password">Change password</string>
    <string name="old_password">Old password</string>
    <string name="new_password">New password</string>
    <string name="confirm_password">Confirm password</string>
    <string name="PASSWORD_MISS_MATCH">PASSWORD MISS MATCH</string>
    <string name="Add_Favorite">Add Favourite</string>
    <string name="Name_of_your_favorites">Name of your favourites</string>
    <string name="Kindly_Enter_Name_of_your_favorites">Kindly Enter Name of your favourites</string>
    <string name="Favorites">Favourites</string>
    <string name="Edit">Edit</string>
    <string name="Done">Done</string>
    <string name="No_Favorites_added_yet">No Favourites added yet!</string>
    <string name="Select_frequent_pickup_location_and">Select frequent pickup location and save then as favourites for instant access</string>
    <string name="ADD_FAVORITES">ADD FAVOURITES</string>
    <string name="Rating">Rating</string>
    <string name="Skip">Skip</string>
    <string name="Please_enter_your_comments_about_your_ride">Please enter your comments about your ride</string>
    <string name="please_give_the_review">Please give the review for your ride. It may be useful for us</string>
    <string name="Invite_Friends">Invite Friends</string>
    <string name="Start_Inviting_friends">Start Inviting friends</string>
    <string name="Let_the_world_know">Let the world know</string>
    <string name="Share_your_referral_code">Share your referral code</string>
    <string name="Friends_Rides_you_earn">Friends Rides, you earn</string>
    <string name="Friends_joins">Friends joins, friend earns</string>
    <string name="Ooops_Facebook">Ooops Facebook!</string>
    <string name="Kindly_add_your">Kindly add your account to the device</string>
    <string name="I_have_an_cabily_Coupon">I have an cabily Coupon Code worth  with My code</string>
    <string name="please_config_your_mail">please config your mail account to your device</string>
    <string name="Facebook_Messenger">Facebook Messenger not installed.</string>
    <string name="Your_device_has_no_Facebook_Messenger_installed">Your device has no Facebook Messenger installed.</string>
    <string name="WhatsApp_not_installed">WhatsApp not installed.</string>
    <string name="Your_device_has_no_WhatsApp">Your device has no WhatsApp installed.</string>
    <string name="List_youremergency">List your emergency contact\'s name, mobile number and email here.</string>
    <string name="Note_Your_Contact_can">Note: Your contact can be alerted only after verification.</string>
    <string name="Enter_name">Enter name</string>
    <string name="Enter_Mobile_Number">Enter Mobile Number</string>
    <string name="Enter_Email_id">Enter Email id</string>
    <string name="Remove_Contact">Remove Contact</string>
    <string name="Be_Relax">Be Relax!</string>
    <string name="Country_is_mandatory">Country is mandatory.</string>
    <string name="Mobile_Number_is_mandatory">Mobile Number is mandatory.</string>
    <string name="Email_is_mandatory">Email is mandatory.</string>
    <string name="Cabily_Money">Cabily Money</string>
    <string name="Cashless_hassle">Cashless, hassle-free rides with</string>
    <string name="Recharge_Cabily">Recharge Cabily money</string>
    <string name="Your_current">Your current balance</string>
    <string name="Enter_amount_between">Enter amount between</string>
    <string name="please_enter_amount">please enter amount to add your wallet</string>
    <string name="Transaction_Successful">Transaction Successful</string>
    <string name="Transaction">Transaction</string>
    <string name="all">all</string>
    <string name="credit">credit</string>
    <string name="debit">debit</string>
    <string name="Balance">Balance</string>
    <string name="upcoming">upcoming</string>
    <string name="complete">completed</string>
    <string name="No_Rides_Booked">No Rides Booked!</string>
    <string name="There_are_no_rides_for_you">There are no rides for you</string>
    <string name="BOOK_A_RIDE">BOOK A RIDE</string>
    <string name="Booked">Booked</string>
    <string name="Onride">On ride</string>
    <string name="Finished">Finished</string>
    <string name="Completed">Completed</string>
    <string name="Confirmed">Confirmed</string>
    <string name="All_Caps">All</string>
    <string name="Last_one_week">Last one week</string>
    <string name="Last_two_weeks">Last two weeks</string>
    <string name="Last_one_month">Last one month</string>
    <string name="Last_one_year">Last one year</string>
    <string name="from">from</string>
    <string name="Ride_Details">Ride Details</string>
    <string name="Back">Back</string>
    <string name="Submit">Submit</string>
    <string name="Coupon_Discount">Coupon Discount</string>
    <string name="Wallet_Usage">Wallet Usage</string>
    <string name="Total_Bill">Total Bill:</string>
    <string name="Total_Paid">Total Paid:</string>
    <string name="ride_distance">ride distance</string>
    <string name="time_taken">time taken</string>
    <string name="wait_time">wait time</string>
    <string name="Mail_Invoice">Mail Invoice</string>
    <string name="Report">Report</string>
    <string name="Share_My_Ride">Share Ride</string>
    <string name="Track_Driver">Track</string>
    <string name="Cancel_Trip">Cancel Trip</string>
    <string name="Payment">Payment</string>
    <string name="Pick_up_Estimate">Pickup:</string>
    <string name="Drop">Drop:</string>
    <string name="Pending">Pending</string>
    <string name="Processing">Processing</string>
    <string name="Cancelled">Cancelled</string>
    <string name="cash">cash</string>
    <string name="Your_Payment_successfully_finished">Your payment was successful. Please wait for a confirmation from the driver</string>
    <string name="wallet">wallet</string>
    <string name="Your_Wallet_amount_successfully_used">Your Wallet amount successfully used</string>
    <string name="Your_wallet_is_empty">Your wallet is empty</string>
    <string name="Cancel_Reason">Cancel Reason</string>
    <string name="your_ride_already_cancelled">your ride already cancelled</string>
    <string name="please_config_your_mail_account">please config your mail account to your device</string>
    <string name="Mail">Mail</string>
    <string name="You_already_add_this_location">You already add this location as favourite</string>
    <string name="ENTER_YOUR_FAVORITE_ADDRESS">ENTER YOUR FAVOURITE ADDRESS TITLE</string>
    <string name="Please_Enter_the_title_for_your_favorite">Please Enter the title for your favourite address</string>
    <string name="Please_Enter_Valid_Email">Please Enter Valid Email Address !</string>
    <string name="ENTER_YOUR_EMAIL_ID">ENTER YOUR E-MAIL ID</string>
    <string name="SEND">SEND</string>
    <string name="ENTER_MOBILE_NUMBER">ENTER MOBILE NUMBER (eg, +1xxxxxxxxx)</string>
    <string name="Please_Enter_Mobile_Number">Please Enter Mobile Number!</string>
    <string name="Your_Allowance">Your Allowance</string>
    <string name="Coupon">Coupon</string>
    <string name="Apply">Apply</string>
    <string name="Remove">Remove</string>
    <string name="Cancel_Ride">Cancel Ride</string>
    <string name="Tell_us_Why">Tell us Why?</string>
    <string name="paymetn_pay">Choose payment</string>
    <string name="CALL_DRIVER">CALL DRIVER</string>
    <string name="Enjoy_Your_Ride">Enjoy Your Ride</string>
    <string name="Arrived">Arrived</string>
    <string name="Cab_Arrived">Cab Arrived</string>
    <string name="Ride_Completed">Ride Completed</string>
    <string name="Cancel">Cancel</string>
    <string name="Contact">Contact</string>
    <string name="Fare_breakup">Fare breakup</string>
    <string name="Payment_Mode">Payment Mode</string>
    <string name="PAYMENT">PAYMENT</string>
    <string name="Total_Amount">Total Amount :</string>
    <string name="Duration">Duration :</string>
    <string name="Waiting">Waiting :</string>
    <string name="Time_Travel">Time Travel :</string>
    <string name="Your_Tips_Amount">Your Tips Amount</string>
    <string name="Your_wallet_amount_Successfull">Your wallet amount Successfully used</string>
    <string name="Your_Payment_Driver_Confirmation">Your Payment successfully finished. Please Wait till Driver Confirmation.</string>
    <string name="Transaction_View">Transaction View</string>
    <string name="Warning">Warning !</string>
    <string name="If_you_Close_the">If you Close the view your transaction will be cancelled</string>
    <string name="Some_Network_problem">Some Network problem try again later</string>
    <string name="Getting_Address">Getting Address..</string>
    <string name="Apply_Coupon">Apply Coupon</string>
    <string name="App_Permission_Denied">App Permission Denied</string>
    <string name="To_reenable_please">To re-enable, please go to Settings and turn on Location Service for this app.</string>
    <string name="Sorry_we_couldnt_fetch">Sorry we couldn\'t fetch your address</string>
    <string name="kindly_Search_valid_Address">kindly Search valid Address</string>
    <string name="Sorry_We_city">Sorry, We are not providing service to your city.</string>
    <string name="We_could_not_request">We could not accept your request</string>
    <string name="No_cabs_another_time">No cabs has been available at your place, kindly try another time</string>
    <string name="Your_wallet_money">Your wallet money :</string>
    <string name="from_now">from now</string>
    <string name="Your_book_successfully_registerd">Your booking has been successfully registered, our driver will contact you before</string>
    <string name="No_Driver_Available_RETRY">No Driver Available  If you want to search once again press RETRY for cancel booking press CANCEL</string>
    <string name="APPOX_TRAVEL_TIME">APPROX TRAVEL TIME:</string>
    <string name="ENTER_APPLY_COUPON_CODE">Enter Coupon Code</string>
    <string name="APPLY_Caps">APPLY</string>
    <string name="Booking_Request_Cancelled">Booking Request Cancelled</string>
    <string name="Category">Category</string>
    <string name="Vehicle_Types">Vehicle Types</string>
    <string name="Fare_Breakup">Fare Breakup</string>
    <string name="We_are_searching_be_relax">We are searching for a driver, please wait</string>
    <string name="CONFIRM">CONFIRM</string>
    <string name="RIDE_LATER">RIDE LATER</string>
    <string name="RIDE_NOW">RIDE NOW</string>
    <string name="Pick_up_time">Pick up time</string>
    <string name="Cab_type">Cab type</string>
    <string name="Rate_card">Rate card</string>
    <string name="Estimation">Estimation</string>
    <string name="Pick_up">Pickup</string>
    <string name="Ride_Estimation">Ride Estimation</string>
    <string name="Pickup_location">Pick Up Location</string>
    <string name="Drop_location">Drop off location</string>
    <string name="Confirmation">Confirmation</string>
    <string name="CANCEL_Caps">CANCEL</string>
    <string name="We_are_fetching_your">We are fetching your address! Kindly Wait !!</string>
    <string name="Cant_fetch_Address">Can\'t fetch Address</string>
    <string name="cant_find_route">can\'t find route</string>
    <string name="Network_error">Network error</string>
    <string name="Error_in_connection">Error in connection</string>
    <string name="Oops">Oops</string>
    <string name="No_internet_connection_found">No internet connection found, this application requires an internet connection to gather the data required.</string>
    <string name="Thank_you">Thank you!</string>
    <string name="your_billing_amount">your billing amount paid successfully</string>
    <string name="Your_Ride_Completed">Your Ride Completed</string>
    <string name="your_Cab_has_been">your Cab has been arrived to your place</string>
    <string name="Sorry_your_ride_has">Sorry your ride has been cancelled by driver</string>
    <string name="Network_Busy_later">Network Busy! Please try again later</string>
    <string name="Verification">Verification</string>
    <string name="Kindly_Enter_your_OTP">Kindly Enter your OTP</string>
    <string name="Enter_Your_OTP">Enter Your OTP</string>
    <string name="Verify">Verify</string>
    <string name="Please_Enter_Valid_OTP">Please Enter Valid OTP</string>
    <string name="Verification_Complete">Verification Complete</string>
    <string name="Forget_password_main">Forgot password ?</string>
    <string name="E_mail_me">E-mail me</string>
    <string name="E_Mail_Me">E-Mail Me !</string>
    <string name="Forget_password">Forgot Password</string>
    <string name="Password_is_mandatory">Password is mandatory.</string>
    <string name="Enter_EMail_ID">Enter E-Mail ID</string>
    <string name="New_Password">New Password</string>
    <string name="Show_Password">Show Password</string>
    <string name="Reset_Password">Reset Password</string>
    <string name="SignUp_Here">SignUp Here</string>
    <string name="Not_a_membet_yet">Not a member yet ?</string>
    <string name="Already_a_member">Already a member ?</string>
    <string name="sign_in_here">sign in here</string>
    <string name="Kindly_Enter_Address">Kindly Enter Address</string>
    <string name="You_rated">You already rated this driver</string>
    <string name="thanks">Thanks..</string>
    <string name="I_have_an">I have an</string>
    <string name="Coupon_Code_worth">Coupon Code worth</string>
    <string name="with_My_code">with My code</string>
    <string name="You_have_successfully">You have successfully applied coupon code and</string>
    <string name="You_have_successfully_Flat">You have successfully applied coupon code andFlat</string>
    <string name="will_be_reduce">will be reduced from your total amount</string>
    <string name="Your_Coupon_Successfully_Removed">Your Coupon Successfully Removed</string>
    <string name="Your_Payment_failed">Your Payment failed</string>
    <string name="Amount_added">Amount added to you Wallet Successfully</string>
    <string name="Your_Payment_cancelled">Your Payment has been cancelled</string>
    <string name="GoBack">GoBack</string>
    <string name="base_fare">Base fare</string>
    <string name="total">Total</string>
    <string name="service_tax">Service Tax</string>
    <string name="sub_total">Subtotal</string>
    <string name="Tips_Amount">Tip Amount</string>
    <string name="want_tips">Are you willing to provide tips to driver ?</string>
    <string name="tip">Tip</string>
    <string name="minus">Minus</string>
    <string name="make_a_payment">Make A Payment</string>
    <string name="processing">We are processing your payment.</string>
    <string name="Retry">Retry</string>
    <string name="Please_wait">Please wait.....</string>
    <string name="No_Network_Connection">No Network Connection</string>
    <string name="Drop_Address">Drop Address</string>
    <string name="Search_Drop_Location">Search Drop Location</string>
    <string name="long_press_on_the">Press and hold on the map to select your drop off location</string>
    <string name="kindly_Search_vaild">kindly Search valid Address</string>
    <string name="To_re_enable_please">To re-enable, please go to Settings and turn on Location Service for this app.</string>
    <string name="Call_Police">Call Police</string>
    <string name="Call_Ambulance">Call Ambulance</string>
    <string name="Call_Fire_Station">Call Fire Station</string>
    <string name="Emergency_Contact">Emergency Contact</string>
    <string name="Sorry_for_the_delay">SORRY FOR THE DELAY</string>
    <string name="we_had_some_problem_connecting">WE HAD SOME PROBLEM CONNECTING, BUT SHOULD HAVE YOU MOVING SHORTLY</string>
    <string name="This_is_your_Drop_Location">This is your Drop Location</string>
    <string name="cant_find_address">can\'t find address</string>
    <string name="Amount_is_low">Amount is low</string>
    <string name="About">About</string>
    <string name="More_info">More info</string>
    <string name="Cabily_a_taxi_booking_app">– a taxi booking app that will take the hassle out of getting to your destination quickly and without having to spend too much. Using highly advanced taxi booking software, it will provide you with a quick quote to help you avoid any surprises when you get to your destination, and assign you to a professional and responsible driver.</string>
    <string name="Standard_Rate">STANDARD RATE</string>
    <string name="Extra_Charges">EXTRA CHARGES</string>
    <string name="Seems_your_network_is">Seems your network is too slow. we can\'t able to connect to our server</string>
    <string name="Having_some_problem_in">Having some problem in fetching data.. Please try again later..</string>
    <string name="City">City</string>
    <string name="Vehicle">Vehicle</string>
    <string name="We_cant_able_to_connect">We can\'t able to connect to server. please try again</string>
    <string name="Select_Country_Code">Select Country Code</string>
    <string name="Sorry">Sorry</string>
    <string name="Connection_timeout">Connection timeout please try again</string>
    <string name="Time_Out">Time-out</string>
    <string name="Recharge">Recharge</string>
    <string name="ADD">ADD</string>
    <string name="MONEY_Caps">MONEY</string>
    <string name="money">Money</string>
    <string name="POWERED">POWERED BY :</string>
    <string name="Close">Close</string>
    <string name="Kindly_enter_6_letter">Kindly enter 6 letter Password !</string>
    <string name="No_data_available">No data available</string>
    <string name="tips_amount">tips amount</string>
    <string name="What_Kind_Transcation">What Kind Transcation You need?</string>
    <string name="Kindly_Select_one">Kindly Select one option !!</string>
    <string name="Pay_Pal">PayPal</string>
    <string name="CardIO">Card.IO</string>
    <string name="Kindly_enter_your_tips">Kindly enter your tips amount</string>
    <string name="check">Check !</string>
    <string name="Kindly_login_to">Kindly login to track you ride</string>
    <string name="Sorry_for_this_Alert">Sorry for this Alert message :)</string>
    <string name="Awesome_message">Awesome message :)</string>
    <string name="Cant_connect_to_server">Can\'t connect to server</string>
    <string name="Conflict">Conflict</string>
    <string name="Same_User_has_been_logged">Same User has been logged in into other device</string>
    <string name="Not_Available">Not Available</string>
    <string name="Could_not_open_the_AppStore">Could not open the AppStore, please try again later.</string>
    <string name="Not_Now">Not Now</string>
    <string name="Update">Update</string>
    <string name="is_available_on_the_AppStore">is available on the AppStore.</string>
    <string name="Version">Version</string>
    <string name="Add_Coupon_Code">Add Coupon Code</string>
    <string name="Redeem_your_free">Redeem your free ride.</string>
    <string name="NO_Cars_Avail">NO CABS AVAILABLE</string>
    <string name="Pickup_Loc_Status">PICKUP LOCATION</string>
    <string name="Select_Lang">Select Language</string>
    <string name="Language">Language</string>
    <string name="minute">min</string>
    <string name="minutes">mins</string>
    <string name="pickup_address">Pickup Location</string>
    <string name="search_pickup_location">Search Pickup Location</string>
    <string name="code">Code</string>
    <string name="drop_time">Drop time</string>
    <string name="Pickup_Details">Pickup Details</string>
    <string name="Drop_Details">Drop Details</string>
    <string name="Fare_Details">Fare Details</string>
    <string name="Your_Session_has_been_Logged_out">Your Session has been Logged out...</string>
    <string name="Kindly_Login_Again">Kindly Login again</string>
    <string name="Sort">Sort</string>
    <string name="fetching_data">Fetching Datas . . .</string>
    <string name="wallet_couldnot_be_less">Wallet amount could not be less than</string>
    <string name="updating_your_location">Updating your Location</string>
    <string name="you_earn">You earn</string>
    <string name="enter_valid_mobile">Please Enter Valid Mobile Number</string>
    <string name="alert">Alert !!</string>
    <string name="Are_you_Sure">Are you Sure?</string>
    <string name="Yes">Yes</string>
    <string name="Upload_image_from">Upload image from</string>
    <string name="Gallery">Gallery</string>
    <string name="Camera">Camera</string>
    <string name="driver_rating">DRIVER RATING</string>
    <string name="trip_total">TRIP TOTAL</string>
    <string name="duration_fare">Duration</string>
    <string name="waiting_fare">Waiting</string>
    <string name="distance_fare">Distance</string>
    <string name="tips">Tips</string>
    <string name="continue_to_login">Continue to Signin</string>
</resources>