<?xml version="1.0" encoding="utf-8"?>
<resources>
    <string name="REGISTER">REGISTER</string>
    <string name="SIGN_IN">SIGN IN</string>
    <string name="Login">Login</string>
    <string name="Sign_In">Sign In</string>
    <string name="Email">Email</string>
    <string name="Password">Password</string>
    <string name="Forgot_password_Login">Forgot password ?</string>
    <string name="Go_Online">Go Online</string>
    <string name="No_recent_trips">No recent trips</string>
    <string name="Last_Trip">Last Trip</string>
    <string name="NET_EARNINGS">NET EARNINGS</string>
    <string name="Today_Earnings">Today Earnings</string>
    <string name="Trips">Trips</string>
    <string name="ESTIMATED_NET">ESTIMATED NET</string>
    <string name="Today_Tips">Today Tips</string>
    <string name="TIPS">TIPS</string>
    <string name="You_have_a_pending_trip">You have a pending trip / transaction. Please tap to view. Without resolving this you will not get ride requests.</string>
    <string name="Go_Offline">Go Offline</string>
    <string name="Tap_to_accept_the_ride">Tap to accept the ride</string>
    <string name="SLIDE_TO_ARRIVED">SLIDE TO ARRIVED</string>
    <string name="SLIDE_TO_BEGIN_TRIP">SLIDE TO BEGIN TRIP</string>
    <string name="Current_Ride">ON TRIP</string>
    <string name="Drop_Location">Drop Location</string>
    <string name="Drop_Time">Drop Time</string>
    <string name="Select_Drop_Time">Select Drop Time</string>
    <string name="Waiting_Time">Waiting Time</string>
    <string name="Hours">Hours</string>
    <string name="Minutes">Minutes</string>
    <string name="Ride_Distance_km">Ride Distance (km\'s)</string>
    <string name="Ride_Distance_mi">Ride Distance (mi)</string>
    <string name="Enter_Distance">Enter Distance (eg, 2.5)</string>
    <string name="End_Trip">End Trip</string>
    <string name="Location_Search">Location Search</string>
    <string name="Done">Done</string>
    <string name="Forgot_Password">Forgot Password</string>
    <string name="Forgot_your_password">Forgot your password?</string>
    <string name="Enter_your_Email_below_to_receive">Enter your Email below to receive your password reset instructions</string>
    <string name="Request_Password">Request Password</string>
    <string name="Change_Password">Change Password</string>
    <string name="Old_Password">Old Password</string>
    <string name="New_Password">New Password</string>
    <string name="ReType_Password">Re type Password</string>
    <string name="Register">Register</string>
    <string name="Please_Rate">Please Rate</string>
    <string name="Skip">Skip</string>
    <string name="Review_Optional">Review (Optional)</string>
    <string name="Rate_Rider">Rate Rider</string>
    <string name="Receive_Cash">Receive Cash</string>
    <string name="Please_collect_the_below">Please collect the below amount from the customer</string>
    <string name="Received">Received</string>
    <string name="Request">Request</string>
    <string name="Enter_OTP">Enter OTP</string>
    <string name="Please_enter_the_OTP">Please enter the OTP sent to the rider</string>
    <string name="OTP">OTP</string>
    <string name="OK">OK</string>
    <string name="Wait_Time_Fare">Wait Time:</string>
    <string name="Time_Taken">Time Taken:</string>
    <string name="Ride_Distance">Ride Distance:</string>
    <string name="Trip_Detail">Trip Detail</string>
    <string name="Ride_Completed">Ride Completed</string>
    <string name="Payment_Processing">Payment Processing</string>
    <string name="ride_distance">ride distance</string>
    <string name="time_taken_detail">time taken</string>
    <string name="wait_time_detail">wait time</string>
    <string name="Continue_Ride">Continue Ride</string>
    <string name="Cancel_Ride">Cancel Ride</string>
    <string name="Request_Payment">Request Payment</string>
    <string name="Trip_List">Trip List</string>
    <string name="All">All</string>
    <string name="Onride">On Ride</string>
    <string name="Completed">Completed</string>
    <string name="Cancel_Trip">Cancel Trip</string>
    <string name="Why_are_you_cancelling">Why are you cancelling ?</string>
    <string name="Dont_Cancel_Trip">Dont Cancel Trip</string>
    <string name="Info">Info</string>
    <string name="Account_Holder_Name">Account Holder Name</string>
    <string name="Account_Holder_Address">Account Holder Address</string>
    <string name="Account_Number">Account Number</string>
    <string name="Bank_Name">Bank Name</string>
    <string name="Branch_Name">Branch Name</string>
    <string name="Branch_Address">Branch Address</string>
    <string name="SWIFT_IFSC_code">SWIFT / IFSC code</string>
    <string name="Routing_Number">Routing Number</string>
    <string name="BANK_ACCOUNT">BANK ACCOUNT</string>
    <string name="PAYMENT_STATEMENTS">PAYMENT STATEMENTS</string>
    <string name="Payment">Payment :</string>
    <string name="Amount">Amount :</string>
    <string name="Received_Date">Received Date :</string>
    <string name="Ride_Id">Ride Id :</string>
    <string name="Home">Home</string>
    <string name="Trip_Summary">Trip Summary</string>
    <string name="Bank_Account">Bank Account</string>
    <string name="Payment_Statements">Payment Statements</string>
    <string name="Feedback">Feedback</string>
    <string name="LOGOUT">LOGOUT</string>
    <string name="Old_Password_cannot_be_empty">Old Password cannot be empty.</string>
    <string name="New_Password_cannot_be_empty">New Password cannot be empty.</string>
    <string name="ReType_password_mismatches">ReType password mismatches the new passsword</string>
    <string name="Please_enter_valid_Email">Please enter valid Email</string>
    <string name="Please_select_valid_Drop_time">Please select valid Drop time</string>
    <string name="Ride_Finished">Ride Finished</string>
    <string name="Please_Select_Drop_Location">Please Select Drop Location</string>
    <string name="Please_Select_Drop_Time">Please Select Drop Time</string>
    <string name="Please_Enter_Distance">Please Enter Distance</string>
    <string name="Please_wait_until_transaction">Please wait until transaction is complete. Don\'t minimize or go back</string>
    <string name="Bank_account_information">Bank account information updated successfully</string>
    <string name="Account_Holder_Name_cannot_be_empty">Account Holder Name cannot be empty.</string>
    <string name="Account_Holder_Address_cannot_be_empty">Account Holder Address cannot be empty.</string>
    <string name="Account_Number_cannot_be_empty">Account Number cannot be empty.</string>
    <string name="Bank_Name_cannot_be_empty">Bank Name cannot be empty.</string>
    <string name="Branch_Name_cannot_be_empty">Branch Name cannot be empty.</string>
    <string name="Branch_Address_cannot_be_empty">Branch Address cannot be empty.</string>
    <string name="SWIFT_IFSC_cannot_be_empty">SWIFT / IFSC cannot be empty.</string>
    <string name="is_mandatory">is mandatory</string>
    <string name="Please_enter_valid_OTP">Please enter valid OTP</string>
    <string name="Payment_Received">Payment Received</string>
    <string name="Paid_by_Wallet_money">Paid by Wallet money</string>
    <string name="Paid_by_Coupon_offer">Paid by Coupon offer</string>
    <string name="Last_one_week">Last one week</string>
    <string name="Last_two_weeks">Last two weeks</string>
    <string name="Last_one_month">Last one month</string>
    <string name="Last_one_year">Last one year</string>
    <string name="Are_you_Sure">Are you Sure?</string>
    <string name="No">No</string>
    <string name="Yes">Yes</string>
    <string name="Please_select_reason">Please select reason to cancel the ride</string>
    <string name="Rider_Cancelled_the_ride">Rider Cancelled the ride</string>
    <string name="Sorry">Sorry</string>
    <string name="SLIDE_TO_END_TRIP">SLIDE TO END TRIP</string>
    <string name="Start_Wait">Start Wait</string>
    <string name="You_are_Here">You are Here</string>
    <string name="Signal_is_too_weak">Signal is too weak.</string>
    <string name="Unable_to_determine_location">Unable to determine location</string>
    <string name="End_Wait">End Wait</string>
    <string name="PickUp_Request">Pickup Request</string>
    <string name="Ride_not_accepted">Ride not accepted</string>
    <string name="App_Permission_Denied">App Permission Denied</string>
    <string name="To_re_enable_please_go">To re-enable, please go to Settings and turn on Location Service for this app.</string>
    <string name="You_are_too_late">You are too late to accept the request</string>
    <string name="Sorry_cant_able">Sorry, can\'t able to find location. Please check the network or please go to Settings and turn on Location Service for this app.</string>
    <string name="Oops">Oops !!</string>
    <string name="Email_cannot_be_empty">Email cannot be empty</string>
    <string name="Password_cannot_be_empty">Password cannot be empty</string>
    <string name="No_network_connection">No network connection!! Please connect to network</string>
    <string name="Email_Cancelled">Email Cancelled</string>
    <string name="Email_Saved">Email Saved</string>
    <string name="Email_Sent">Email Sent</string>
    <string name="Email_Failed">Email Failed</string>
    <string name="Email_Not_Sent">Email Not Sent</string>
    <string name="Unable_to_connect_server">Unable to connect server... Please try again.</string>
    <string name="Your_Session_has_been_Logged_out">Your Session has been Logged out...</string>
    <string name="Kindly_Login_Again">Kindly Login again</string>
    <string name="Cant_able_to_get_location">Can\'t able to get location</string>
    <string name="Select_Drop_Location">Select Drop Location</string>
    <string name="please_enter_drop_location_to_start_the_trip">Please enter drop location to start the trip</string>
    <string name="Please_wait">Please wait ...</string>
    <string name="Your_payment_request_is">Your payment request is sent to the user.</string>
    <string name="This_process_may">This process may take few seconds, so please be patient</string>
    <string name="Check_Status">Check Status</string>
    <string name="Request_for_payment_is">Request for payment is already sent to user</string>
    <string name="Processing_payment_Please_wait">Processing payment. Please wait.</string>
    <string name="You_are_not_yet_verified">You are not yet verified. until verified you will not get any ride request</string>
    <string name="Change_Language">Change Language</string>
    <string name="Select_Lang">Select a language</string>
    <string name="Error">Error !!</string>
    <string name="Select_Driver_Category">Select Driver Category</string>
    <string name="Unable_to_select_location">Unable to select location</string>
    <string name="Unable_to_select_driver_category">Unable to select driver category</string>
    <string name="cant_find_route">can\'t find route</string>
    <string name="ways_count">ways count</string>
    <string name="RideId">RideId</string>
    <string name="Starting_Location">Starting Location</string>
    <string name="Signal_is_Consistently_Weak">Signal is Consistently Weak</string>
    <string name="Destination_Location">Destination Location</string>
    <string name="Total_Bill">Total Bill:</string>
    <string name="Total_Paid">Total Paid:</string>
    <string name="Ride">Ride</string>
    <string name="Fare_Summary">Fare Summary</string>
    <string name="Comment_Optional">Comment (Optional)</string>
    <string name="Save">SAVE</string>
    <string name="PAYMENT_DETAIL">PAYMENT DETAIL</string>
    <string name="Long_press_on_the_map">Long press on the map to select the drop location</string>
    <string name="Your_Destination">Your Destination</string>
    <string name="cant_find_address">can\'t find address</string>
    <string name="Select_Country">Select Country</string>
    <string name="Enter_Search">Enter Search</string>
    <string name="No_Locations_Found">No Locations Found</string>
    <string name="You_have_a_new_Trip">You have a new Trip !!</string>
    <string name="Accept">Accept</string>
    <string name="Deny">Deny</string>
    <string name="currentLoc_Img">CarMarker</string>
    <string name="Sort">Sort</string>
    <string name="SORRY_FOR_THE_DELAY">SORRY FOR THE DELAY</string>
    <string name="WE_HAD_SOME_PROBLEM">WE HAD SOME PROBLEM CONNECTING, BUT SHOULD HAVE YOU MOVING SHORTLY</string>
    <string name="Tap_to_upload">Tap to upload</string>
    <string name="Upload_image_from">Upload image from</string>
    <string name="Cancel">Cancel</string>
    <string name="Gallery">Gallery</string>
    <string name="Camera">Camera</string>
    <string name="Register_">REGISTER</string>
    <string name="Driver_Documents">Driver Documents</string>
    <string name="Police_Verification_Certificate">Police Verification Certificate</string>
    <string name="Driving_License">Driving License</string>
    <string name="Save_drive_doc">SAVE</string>
    <string name="Vehicle_Number">Vehicle Number</string>
    <string name="Please_select_vehicle_type">Please select vehicle type</string>
    <string name="Please_select_vehicle_maker">Please select vehicle maker</string>
    <string name="Please_select_vehicle_model">Please select vehicle model</string>
    <string name="Please_select_make_year">Please select make year</string>
    <string name="Please_enter_vehicle_number">Please enter vehicle number</string>
    <string name="Please_select_aircondition_status">Please select aircondition status</string>
    <string name="Select_Vehicle_Type">Select Vehicle Type</string>
    <string name="No_Vehicles_found">No Vehicles found</string>
    <string name="No_Vehicle_Maker_found">No Vehicle Maker found</string>
    <string name="No_Vehicles_model_found">No Vehicles model found</string>
    <string name="Select_Vehicle_Maker">Select Vehicle Maker</string>
    <string name="Select_Vehicle_Model">Select Vehicle Model</string>
    <string name="Select_Make_Year">Select Make Year</string>
    <string name="Unable_to_select_Vehicle_Type">Unable to select Vehicle Type</string>
    <string name="Unable_to_select_Vehicle_Maker">Unable to select Vehicle Maker</string>
    <string name="Unable_to_select_Vehicle_Model">Unable to select Vehicle Model</string>
    <string name="Unable_to_select_year">Unable to select year</string>
    <string name="Address">Address</string>
    <string name="State_Province_Region">State / Province / Region</string>
    <string name="City">City</string>
    <string name="Postal_code">Postal code</string>
    <string name="Mobile_number">Mobile number</string>
    <string name="Please_enter_CountryCode">Please enter CountryCode</string>
    <string name="Please_enter_Mobile_Number">Please enter Mobile Number</string>
    <string name="Please_enter_Address">Please enter Address</string>
    <string name="Please_select_Country">Please select Country</string>
    <string name="Please_enter_State_Province_Region">Please enter State / Province / Region</string>
    <string name="Please_enter_City">Please enter City</string>
    <string name="Please_enter_Postal_Code">Please enter Postal Code</string>
    <string name="Please_enter_OTP">Please enter OTP</string>
    <string name="Address_Details">Address Details</string>
    <string name="cant_able_to_fetch_country">can\'t able to fetch country</string>
    <string name="Driver_Name">Driver Name</string>
    <string name="Confirm_Password">Confirm Password</string>
    <string name="Please_enter_Driver_Name">Please enter Driver Name</string>
    <string name="Please_enter_Email">Please enter Email</string>
    <string name="Please_enter_Password">Please enter Password</string>
    <string name="Please_enter_Confirm_Password">Please enter Confirm Password</string>
    <string name="Confirm_Password_doesnot_matches">Confirm Password doesnot matches the Password</string>
    <string name="Login_Details">Login Details</string>
    <string name="Thanks">Thanks</string>
    <string name="Location_Permission_Denied">Location Permission Denied</string>
    <string name="Location_Services_need">\'Location Services\' need to be turn on.</string>
    <string name="Having_some_problem_in_fetching">Having some problem in fetching data.. Please try again later..</string>
    <string name="Cant_connect_to_server">Can\'t connect to server</string>
    <string name="No_Records_Found">No Records Found.</string>
    <string name="No_internet_connection">No Internet Connection</string>
    <string name="Not_Available">Not Available</string>
    <string name="Could_not_open_the_AppStore">Could not open the AppStore, please try again later.</string>
    <string name="is_available_on_the_AppStore">is available on the AppStore.</string>
    <string name="Version">Version</string>
    <string name="Update">Update</string>
    <string name="Not_Now">Not Now</string>
    <string name="Pull_to_refresh">Pull to refresh...</string>
    <string name="Release_to_refresh">Release to refresh...</string>
    <string name="Loading">Loading...</string>
    <string name="We_cant_able_to_connect_server_please_try_again">We can\'t able to connect to server. please try again</string>
    <string name="Starting_Place">Starting Place</string>
    <string name="Retry">Retry</string>
    <string name="There_is_no_destination_selected">There is no destination selected</string>
    <string name="Alert">Alert !!</string>
    <string name="Language">Language</string>
    <string name="to">to</string>
    <string name="pickup_Loc">Pickup Location:</string>
    <string name="drop_Loc">Drop Location:</string>
    <string name="pickup_time">Pickup Time:</string>
    <string name="drop_time">Drop Time:</string>
    <string name="fetching_data">Fetching Datas . . .</string>
    <string name="No_internet_found">No internet connection found, this application requires an internet connection to gather the data required.</string>
    <string name="RoutingLbl_cannot_be_empty">Routing Number cannot be empty.</string>
    <string name="You_have_successfully">You have successfully registered as a driver on</string>
    <string name="updating_your_loc">Updating your Location...</string>
    <string name="OTP_NOT_RECEIVED">OTP NOT RECEIVED, PROCEED TO PAY</string>
</resources>